actual_candidate_tokens,actual_character_count,actual_original_tokens,api_overhead_ms,api_overhead_ratio,bucket,case_id,concurrency,domain,error_rate,first_request_ms,gpu_utilization_percent,language,mode,model_load_ms,p50_ms,p95_ms,p99_ms,peak_ram_mb,peak_vram_mb,phase,process_start_ms,requests_per_second,sample_count,semantic_model_id,semantic_model_revision,timeout_rate
133,479,133,,,short,short-en,1,technical,0.0,3.198,,en,R1_direct_deterministic,,3.198,3.198,3.198,402.34,,cold,34.547,312.695,1,,,0.0
133,479,133,,,short,short-en,1,technical,0.0,,,en,R1_direct_deterministic,,2.698,4.013,4.027,402.484,,warm,,320.688,20,,,0.0
133,479,133,,,short,short-en,2,technical,0.0,,,en,R1_direct_deterministic,,3.034,18.469,21.078,402.496,,warm,,320.456,20,,,0.0
133,479,133,,,short,short-en,4,technical,0.0,,,en,R1_direct_deterministic,,3.546,11.091,18.567,402.496,,warm,,246.108,20,,,0.0
133,479,133,,,short,short-en,8,technical,0.0,,,en,R1_direct_deterministic,,2.591,4.759,14.784,402.496,,warm,,337.834,32,,,0.0
133,479,133,,,short,short-en,16,technical,0.0,,,en,R1_direct_deterministic,,2.824,16.916,25.429,402.562,,warm,,324.463,64,,,0.0
135,312,135,,,short,short-vi,1,business,0.0,1.91,,vi,R1_direct_deterministic,,1.91,1.91,1.91,402.566,,cold,29.476,523.56,1,,,0.0
135,312,135,,,short,short-vi,1,business,0.0,,,vi,R1_direct_deterministic,,1.94,2.154,2.202,402.566,,warm,,497.55,20,,,0.0
135,312,135,,,short,short-vi,2,business,0.0,,,vi,R1_direct_deterministic,,1.97,2.802,30.52,402.566,,warm,,452.018,20,,,0.0
135,312,135,,,short,short-vi,4,business,0.0,,,vi,R1_direct_deterministic,,2.047,3.59,13.617,402.57,,warm,,446.528,20,,,0.0
135,312,135,,,short,short-vi,8,business,0.0,,,vi,R1_direct_deterministic,,2.046,3.711,15.206,402.57,,warm,,423.544,32,,,0.0
135,312,135,,,short,short-vi,16,business,0.0,,,vi,R1_direct_deterministic,,1.813,6.083,13.681,402.625,,warm,,490.99,64,,,0.0
557,1951,557,,,medium,medium-en,1,technical,0.0,11.685,,en,R1_direct_deterministic,,11.685,11.685,11.685,402.676,,cold,31.023,85.58,1,,,0.0
557,1951,557,,,medium,medium-en,1,technical,0.0,,,en,R1_direct_deterministic,,10.948,11.882,12.728,402.695,,warm,,89.336,20,,,0.0
557,1951,557,,,medium,medium-en,2,technical,0.0,,,en,R1_direct_deterministic,,13.809,27.901,58.958,402.965,,warm,,85.909,20,,,0.0
557,1951,557,,,medium,medium-en,4,technical,0.0,,,en,R1_direct_deterministic,,12.869,74.451,89.369,403.496,,warm,,84.956,20,,,0.0
557,1951,557,,,medium,medium-en,8,technical,0.0,,,en,R1_direct_deterministic,,11.343,64.877,74.034,403.52,,warm,,93.712,32,,,0.0
557,1951,557,,,medium,medium-en,16,technical,0.0,,,en,R1_direct_deterministic,,21.823,73.573,89.606,403.574,,warm,,85.625,64,,,0.0
553,1312,553,,,medium,medium-vi,1,business,0.0,8.923,,vi,R1_direct_deterministic,,8.923,8.923,8.923,403.574,,cold,32.099,112.07,1,,,0.0
553,1312,553,,,medium,medium-vi,1,business,0.0,,,vi,R1_direct_deterministic,,8.155,9.549,10.08,403.598,,warm,,119.094,20,,,0.0
553,1312,553,,,medium,medium-vi,2,business,0.0,,,vi,R1_direct_deterministic,,9.219,24.595,38.516,403.574,,warm,,117.706,20,,,0.0
553,1312,553,,,medium,medium-vi,4,business,0.0,,,vi,R1_direct_deterministic,,8.462,42.724,55.157,403.574,,warm,,120.383,20,,,0.0
553,1312,553,,,medium,medium-vi,8,business,0.0,,,vi,R1_direct_deterministic,,9.27,40.527,42.911,403.621,,warm,,115.067,32,,,0.0
553,1312,553,,,medium,medium-vi,16,business,0.0,,,vi,R1_direct_deterministic,,8.662,55.534,86.009,403.574,,warm,,117.861,64,,,0.0
2059,7131,2059,,,long,long-en,1,technical,0.0,49.44,,en,R1_direct_deterministic,,49.44,49.44,49.44,403.574,,cold,31.206,20.227,1,,,0.0
2059,7131,2059,,,long,long-en,1,technical,0.0,,,en,R1_direct_deterministic,,43.393,45.921,47.943,403.594,,warm,,22.875,20,,,0.0
2059,7131,2059,,,long,long-en,2,technical,0.0,,,en,R1_direct_deterministic,,79.092,124.313,140.047,404.562,,warm,,22.669,20,,,0.0
2059,7131,2059,,,long,long-en,4,technical,0.0,,,en,R1_direct_deterministic,,103.646,343.563,733.793,406.609,,warm,,19.766,20,,,0.0
2059,7131,2059,,,long,long-en,8,technical,0.0,,,en,R1_direct_deterministic,,156.245,256.526,291.075,407.98,,warm,,22.299,32,,,0.0
2059,7131,2059,,,long,long-en,16,technical,0.0,,,en,R1_direct_deterministic,,250.498,646.06,840.022,412.809,,warm,,21.273,64,,,0.0
2063,4926,2063,,,long,long-vi,1,business,0.0,31.893,,vi,R1_direct_deterministic,,31.893,31.893,31.893,412.809,,cold,31.39,31.355,1,,,0.0
2063,4926,2063,,,long,long-vi,1,business,0.0,,,vi,R1_direct_deterministic,,32.581,35.669,37.567,412.816,,warm,,30.598,20,,,0.0
2063,4926,2063,,,long,long-vi,2,business,0.0,,,vi,R1_direct_deterministic,,62.879,79.669,97.983,412.809,,warm,,30.491,20,,,0.0
2063,4926,2063,,,long,long-vi,4,business,0.0,,,vi,R1_direct_deterministic,,65.699,172.709,190.002,412.832,,warm,,32.021,20,,,0.0
2063,4926,2063,,,long,long-vi,8,business,0.0,,,vi,R1_direct_deterministic,,79.709,175.914,181.964,412.812,,warm,,28.237,32,,,0.0
2063,4926,2063,,,long,long-vi,16,business,0.0,,,vi,R1_direct_deterministic,,110.024,353.983,471.306,412.812,,warm,,30.727,64,,,0.0
8212,28273,8212,,,very_long,very_long-en,1,technical,0.0,237.707,,en,R1_direct_deterministic,,237.707,237.707,237.707,412.812,,cold,28.392,4.207,1,,,0.0
8212,28273,8212,,,very_long,very_long-en,1,technical,0.0,,,en,R1_direct_deterministic,,236.321,314.661,327.331,412.848,,warm,,4.091,20,,,0.0
8212,28273,8212,,,very_long,very_long-en,2,technical,0.0,,,en,R1_direct_deterministic,,468.667,545.322,585.443,412.824,,warm,,4.224,20,,,0.0
8212,28273,8212,,,very_long,very_long-en,4,technical,0.0,,,en,R1_direct_deterministic,,855.619,1529.392,1937.605,418.586,,warm,,4.022,20,,,0.0
8212,28273,8212,,,very_long,very_long-en,8,technical,0.0,,,en,R1_direct_deterministic,,1330.658,3712.307,4186.914,430.891,,warm,,4.114,32,,,0.0
8212,28273,8212,,,very_long,very_long-en,16,technical,0.0,,,en,R1_direct_deterministic,,2562.059,6092.503,9354.251,459.879,,warm,,4.067,64,,,0.0
8192,19398,8192,,,very_long,very_long-vi,1,business,0.0,159.644,,vi,R1_direct_deterministic,,159.644,159.644,159.644,459.879,,cold,29.504,6.264,1,,,0.0
8192,19398,8192,,,very_long,very_long-vi,1,business,0.0,,,vi,R1_direct_deterministic,,156.534,163.142,254.3,457.891,,warm,,6.229,20,,,0.0
8192,19398,8192,,,very_long,very_long-vi,2,business,0.0,,,vi,R1_direct_deterministic,,303.468,373.853,382.528,454.891,,warm,,6.408,20,,,0.0
8192,19398,8192,,,very_long,very_long-vi,4,business,0.0,,,vi,R1_direct_deterministic,,526.212,912.614,1575.821,452.895,,warm,,6.212,20,,,0.0
8192,19398,8192,,,very_long,very_long-vi,8,business,0.0,,,vi,R1_direct_deterministic,,811.588,2520.256,2835.716,447.734,,warm,,6.121,32,,,0.0
8192,19398,8192,,,very_long,very_long-vi,16,business,0.0,,,vi,R1_direct_deterministic,,1138.763,4511.704,4864.759,447.352,,warm,,6.346,64,,,0.0
133,479,133,2.504,1.928095,short,short-en,1,technical,0.0,8.954,,en,R2_asgi_in_process_deterministic,,5.202,5.202,5.202,447.508,,cold,,111.682,1,,,0.0
133,479,133,0.639,1.236842,short,short-en,1,technical,0.0,,,en,R2_asgi_in_process_deterministic,,3.337,4.351,4.886,444.508,,warm,,276.533,20,,,0.0
133,479,133,0.362,1.119314,short,short-en,2,technical,0.0,,,en,R2_asgi_in_process_deterministic,,3.396,3.888,4.046,444.508,,warm,,277.847,20,,,0.0
133,479,133,-0.145,0.959109,short,short-en,4,technical,0.0,,,en,R2_asgi_in_process_deterministic,,3.401,4.572,4.638,442.508,,warm,,225.647,20,,,0.0
133,479,133,0.622,1.240062,short,short-en,8,technical,0.0,,,en,R2_asgi_in_process_deterministic,,3.213,3.975,4.228,442.508,,warm,,289.608,32,,,0.0
133,479,133,0.598,1.211756,short,short-en,16,technical,0.0,,,en,R2_asgi_in_process_deterministic,,3.422,4.227,4.548,442.52,,warm,,279.047,64,,,0.0
135,312,135,1.029,1.530412,short,short-vi,1,business,0.0,5.412,,vi,R2_asgi_in_process_deterministic,,2.969,2.969,2.969,442.52,,cold,,184.775,1,,,0.0
135,312,135,0.849,1.437629,short,short-vi,1,business,0.0,,,vi,R2_asgi_in_process_deterministic,,2.789,3.26,3.38,442.52,,warm,,330.033,20,,,0.0
135,312,135,0.642,1.325888,short,short-vi,2,business,0.0,,,vi,R2_asgi_in_process_deterministic,,2.612,3.319,3.363,442.52,,warm,,347.041,20,,,0.0
135,312,135,0.686,1.335125,short,short-vi,4,business,0.0,,,vi,R2_asgi_in_process_deterministic,,2.733,3.479,4.203,442.52,,warm,,318.786,20,,,0.0
135,312,135,0.73,1.356794,short,short-vi,8,business,0.0,,,vi,R2_asgi_in_process_deterministic,,2.776,3.518,3.678,442.52,,warm,,337.745,32,,,0.0
135,312,135,0.899,1.495863,short,short-vi,16,business,0.0,,,vi,R2_asgi_in_process_deterministic,,2.712,3.438,3.915,442.52,,warm,,347.531,64,,,0.0
557,1951,557,0.344,1.031421,medium,medium-en,1,technical,0.0,14.194,,en,R2_asgi_in_process_deterministic,,11.292,11.292,11.292,442.52,,cold,,70.452,1,,,0.0
557,1951,557,0.556,1.050786,medium,medium-en,1,technical,0.0,,,en,R2_asgi_in_process_deterministic,,11.504,13.363,103.028,439.523,,warm,,61.188,20,,,0.0
557,1951,557,-2.464,0.821566,medium,medium-en,2,technical,0.0,,,en,R2_asgi_in_process_deterministic,,11.345,12.237,13.319,439.523,,warm,,79.286,20,,,0.0
557,1951,557,-1.269,0.901391,medium,medium-en,4,technical,0.0,,,en,R2_asgi_in_process_deterministic,,11.6,12.618,13.666,439.523,,warm,,84.721,20,,,0.0
557,1951,557,0.394,1.034735,medium,medium-en,8,technical,0.0,,,en,R2_asgi_in_process_deterministic,,11.737,12.787,13.932,439.523,,warm,,81.093,32,,,0.0
557,1951,557,-10.118,0.536361,medium,medium-en,16,technical,0.0,,,en,R2_asgi_in_process_deterministic,,11.705,13.193,20.037,439.523,,warm,,80.304,64,,,0.0
553,1312,553,2.93,1.359289,medium,medium-vi,1,business,0.0,35.819,,vi,R2_asgi_in_process_deterministic,,11.085,11.085,11.085,439.523,,cold,,27.918,1,,,0.0
553,1312,553,1.026,1.125812,medium,medium-vi,1,business,0.0,,,vi,R2_asgi_in_process_deterministic,,9.181,10.818,11.449,439.523,,warm,,94.272,20,,,0.0
553,1312,553,-0.27,0.970713,medium,medium-vi,2,business,0.0,,,vi,R2_asgi_in_process_deterministic,,8.949,10.151,11.487,439.523,,warm,,105.836,20,,,0.0
553,1312,553,0.433,1.05117,medium,medium-vi,4,business,0.0,,,vi,R2_asgi_in_process_deterministic,,8.895,10.027,10.207,439.523,,warm,,97.742,20,,,0.0
553,1312,553,-0.186,0.979935,medium,medium-vi,8,business,0.0,,,vi,R2_asgi_in_process_deterministic,,9.084,10.032,10.109,439.523,,warm,,102.457,32,,,0.0
553,1312,553,0.22,1.025398,medium,medium-vi,16,business,0.0,,,vi,R2_asgi_in_process_deterministic,,8.882,10.714,11.977,439.523,,warm,,106.425,64,,,0.0
2059,7131,2059,-1.755,0.959556,long,long-en,1,technical,0.0,44.112,,en,R2_asgi_in_process_deterministic,,41.638,41.638,41.638,439.523,,cold,,22.67,1,,,0.0
2059,7131,2059,-0.729,0.9832,long,long-en,1,technical,0.0,,,en,R2_asgi_in_process_deterministic,,42.664,46.857,47.872,439.523,,warm,,22.353,20,,,0.0
2059,7131,2059,-35.879,0.546364,long,long-en,2,technical,0.0,,,en,R2_asgi_in_process_deterministic,,43.213,46.078,46.328,439.523,,warm,,22.821,20,,,0.0
2059,7131,2059,-60.704,0.414314,long,long-en,4,technical,0.0,,,en,R2_asgi_in_process_deterministic,,42.942,44.896,45.172,439.523,,warm,,23.096,20,,,0.0
2059,7131,2059,-112.953,0.277078,long,long-en,8,technical,0.0,,,en,R2_asgi_in_process_deterministic,,43.292,49.053,53.282,439.523,,warm,,22.402,32,,,0.0
2059,7131,2059,-206.956,0.173822,long,long-en,16,technical,0.0,,,en,R2_asgi_in_process_deterministic,,43.542,47.18,134.559,439.523,,warm,,22.086,64,,,0.0
2063,4926,2063,0.065,1.001995,long,long-vi,1,business,0.0,53.024,,vi,R2_asgi_in_process_deterministic,,32.646,32.646,32.646,439.523,,cold,,18.859,1,,,0.0
2063,4926,2063,-0.164,0.994966,long,long-vi,1,business,0.0,,,vi,R2_asgi_in_process_deterministic,,32.417,33.045,33.622,439.539,,warm,,30.826,20,,,0.0
2063,4926,2063,-30.487,0.515148,long,long-vi,2,business,0.0,,,vi,R2_asgi_in_process_deterministic,,32.392,35.859,36.094,439.539,,warm,,29.399,20,,,0.0
2063,4926,2063,-33.719,0.486765,long,long-vi,4,business,0.0,,,vi,R2_asgi_in_process_deterministic,,31.98,34.127,35.521,439.539,,warm,,29.809,20,,,0.0
2063,4926,2063,-47.891,0.399177,long,long-vi,8,business,0.0,,,vi,R2_asgi_in_process_deterministic,,31.818,34.728,35.347,439.539,,warm,,31.113,32,,,0.0
2063,4926,2063,-78.906,0.282829,long,long-vi,16,business,0.0,,,vi,R2_asgi_in_process_deterministic,,31.118,33.211,33.949,439.539,,warm,,31.588,64,,,0.0
8212,28273,8212,-13.296,0.943738,very_long,very_long-en,1,technical,0.0,240.202,,en,R2_asgi_in_process_deterministic,,223.025,223.025,223.025,439.539,,cold,,4.163,1,,,0.0
8212,28273,8212,-9.858,0.958286,very_long,very_long-en,1,technical,0.0,,,en,R2_asgi_in_process_deterministic,,226.463,244.102,340.185,439.539,,warm,,4.269,20,,,0.0
8212,28273,8212,-241.175,0.485402,very_long,very_long-en,2,technical,0.0,,,en,R2_asgi_in_process_deterministic,,227.492,314.638,323.228,438.539,,warm,,4.198,20,,,0.0
8212,28273,8212,-630.358,0.263273,very_long,very_long-en,4,technical,0.0,,,en,R2_asgi_in_process_deterministic,,225.261,250.233,335.242,438.539,,warm,,4.296,20,,,0.0
8212,28273,8212,-1098.581,0.174408,very_long,very_long-en,8,technical,0.0,,,en,R2_asgi_in_process_deterministic,,232.077,312.864,326.922,438.539,,warm,,4.13,32,,,0.0
8212,28273,8212,-2333.167,0.089339,very_long,very_long-en,16,technical,0.0,,,en,R2_asgi_in_process_deterministic,,228.892,318.427,347.451,438.52,,warm,,4.215,64,,,0.0
8192,19398,8192,-5.433,0.965292,very_long,very_long-vi,1,business,0.0,169.984,,vi,R2_asgi_in_process_deterministic,,151.101,151.101,151.101,438.543,,cold,,5.883,1,,,0.0
8192,19398,8192,-4.974,0.968224,very_long,very_long-vi,1,business,0.0,,,vi,R2_asgi_in_process_deterministic,,151.56,160.111,244.524,438.543,,warm,,6.379,20,,,0.0
8192,19398,8192,-153.469,0.494283,very_long,very_long-vi,2,business,0.0,,,vi,R2_asgi_in_process_deterministic,,149.999,154.331,241.47,438.543,,warm,,6.464,20,,,0.0
8192,19398,8192,-376.901,0.283747,very_long,very_long-vi,4,business,0.0,,,vi,R2_asgi_in_process_deterministic,,149.311,156.514,156.626,438.543,,warm,,6.638,20,,,0.0
8192,19398,8192,-661.971,0.184351,very_long,very_long-vi,8,business,0.0,,,vi,R2_asgi_in_process_deterministic,,149.617,178.796,240.324,438.543,,warm,,6.369,32,,,0.0
8192,19398,8192,-992.356,0.128567,very_long,very_long-vi,16,business,0.0,,,vi,R2_asgi_in_process_deterministic,,146.407,162.269,236.341,438.551,,warm,,6.64,64,,,0.0
133,479,133,137.87,52.100815,short,short-en,1,technical,0.0,141.41,,en,R3_localhost_http_deterministic,,140.568,140.568,140.568,439.734,,cold,661.384,7.072,1,,,0.0
133,479,133,136.491,51.589696,short,short-en,1,technical,0.0,,,en,R3_localhost_http_deterministic,,139.189,154.538,156.861,445.75,,warm,,7.202,20,,,0.0
133,479,133,177.422,59.477917,short,short-en,2,technical,0.0,,,en,R3_localhost_http_deterministic,,180.456,196.419,199.333,453.426,,warm,,10.957,20,,,0.0
133,479,133,253.127,72.383813,short,short-en,4,technical,0.0,,,en,R3_localhost_http_deterministic,,256.673,278.655,283.227,453.594,,warm,,15.131,20,,,0.0
133,479,133,435.965,169.261289,short,short-en,8,technical,0.0,,,en,R3_localhost_http_deterministic,,438.556,461.673,463.214,458.363,,warm,,18.032,32,,,0.0
133,479,133,947.386,336.476629,short,short-en,16,technical,0.0,,,en,R3_localhost_http_deterministic,,950.21,982.903,985.076,463.055,,warm,,16.672,64,,,0.0
135,312,135,150.618,78.638144,short,short-vi,1,business,0.0,152.947,,vi,R3_localhost_http_deterministic,,152.558,152.558,152.558,463.117,,cold,661.384,6.538,1,,,0.0
135,312,135,127.578,66.761856,short,short-vi,1,business,0.0,,,vi,R3_localhost_http_deterministic,,129.518,154.617,156.059,458.453,,warm,,7.453,20,,,0.0
135,312,135,174.466,89.561421,short,short-vi,2,business,0.0,,,vi,R3_localhost_http_deterministic,,176.436,194.731,196.947,460.203,,warm,,11.061,20,,,0.0
135,312,135,258.91,127.482658,short,short-vi,4,business,0.0,,,vi,R3_localhost_http_deterministic,,260.957,283.276,283.863,461.062,,warm,,15.19,20,,,0.0
135,312,135,436.183,214.188172,short,short-vi,8,business,0.0,,,vi,R3_localhost_http_deterministic,,438.229,471.276,474.166,462.344,,warm,,17.884,32,,,0.0
135,312,135,953.99,527.194153,short,short-vi,16,business,0.0,,,vi,R3_localhost_http_deterministic,,955.803,987.183,995.173,466.418,,warm,,16.558,64,,,0.0
557,1951,557,135.178,13.347278,medium,medium-en,1,technical,0.0,146.532,,en,R3_localhost_http_deterministic,,146.126,146.126,146.126,466.477,,cold,661.384,6.824,1,,,0.0
557,1951,557,141.117,13.889752,medium,medium-en,1,technical,0.0,,,en,R3_localhost_http_deterministic,,152.065,160.318,169.302,458.922,,warm,,6.631,20,,,0.0
557,1951,557,167.898,13.158592,medium,medium-en,2,technical,0.0,,,en,R3_localhost_http_deterministic,,181.707,229.582,247.79,460.566,,warm,,10.143,20,,,0.0
557,1951,557,271.588,22.104048,medium,medium-en,4,technical,0.0,,,en,R3_localhost_http_deterministic,,284.457,349.53,350.135,463.246,,warm,,13.101,20,,,0.0
557,1951,557,471.169,42.538306,medium,medium-en,8,technical,0.0,,,en,R3_localhost_http_deterministic,,482.512,581.202,588.477,466.301,,warm,,15.693,32,,,0.0
557,1951,557,965.836,45.25771,medium,medium-en,16,technical,0.0,,,en,R3_localhost_http_deterministic,,987.659,1176.912,1237.255,470.488,,warm,,15.648,64,,,0.0
553,1312,553,146.588,18.97523,medium,medium-vi,1,business,0.0,155.196,,vi,R3_localhost_http_deterministic,,154.743,154.743,154.743,470.484,,cold,661.384,6.443,1,,,0.0
553,1312,553,133.668,17.390926,medium,medium-vi,1,business,0.0,,,vi,R3_localhost_http_deterministic,,141.823,161.649,165.014,473.734,,warm,,6.831,20,,,0.0
553,1312,553,184.53,21.016271,medium,medium-vi,2,business,0.0,,,vi,R3_localhost_http_deterministic,,193.749,213.738,218.354,459.945,,warm,,10.113,20,,,0.0
553,1312,553,278.034,33.856771,medium,medium-vi,4,business,0.0,,,vi,R3_localhost_http_deterministic,,286.496,311.332,321.128,460.754,,warm,,13.558,20,,,0.0
553,1312,553,460.807,50.709493,medium,medium-vi,8,business,0.0,,,vi,R3_localhost_http_deterministic,,470.077,522.141,548.304,469.289,,warm,,16.459,32,,,0.0
553,1312,553,978.228,113.933272,medium,medium-vi,16,business,0.0,,,vi,R3_localhost_http_deterministic,,986.89,1112.503,1144.876,472.242,,warm,,15.81,64,,,0.0
2059,7131,2059,146.117,4.367294,long,long-en,1,technical,0.0,190.108,,en,R3_localhost_http_deterministic,,189.51,189.51,189.51,472.242,,cold,661.384,5.26,1,,,0.0
2059,7131,2059,140.982,4.248957,long,long-en,1,technical,0.0,,,en,R3_localhost_http_deterministic,,184.375,191.285,196.702,475.391,,warm,,5.597,20,,,0.0
2059,7131,2059,128.039,2.618862,long,long-en,2,technical,0.0,,,en,R3_localhost_http_deterministic,,207.131,222.777,252.081,461.527,,warm,,9.364,20,,,0.0
2059,7131,2059,198.089,2.911207,long,long-en,4,technical,0.0,,,en,R3_localhost_http_deterministic,,301.735,426.7,426.961,463.586,,warm,,11.671,20,,,0.0
2059,7131,2059,336.359,3.152766,long,long-en,8,technical,0.0,,,en,R3_localhost_http_deterministic,,492.604,803.103,854.421,469.008,,warm,,14.11,32,,,0.0
2059,7131,2059,778.29,4.106971,long,long-en,16,technical,0.0,,,en,R3_localhost_http_deterministic,,1028.788,1670.303,1844.977,475.578,,warm,,13.474,64,,,0.0
2063,4926,2063,127.343,4.908505,long,long-vi,1,business,0.0,160.548,,vi,R3_localhost_http_deterministic,,159.924,159.924,159.924,475.645,,cold,661.384,6.229,1,,,0.0
2063,4926,2063,138.093,5.238452,long,long-vi,1,business,0.0,,,vi,R3_localhost_http_deterministic,,170.674,182.403,192.191,477.242,,warm,,5.921,20,,,0.0
2063,4926,2063,141.141,3.244644,long,long-vi,2,business,0.0,,,vi,R3_localhost_http_deterministic,,204.02,221.157,248.316,466.582,,warm,,9.591,20,,,0.0
2063,4926,2063,232.623,4.540739,long,long-vi,4,business,0.0,,,vi,R3_localhost_http_deterministic,,298.322,336.311,377.058,467.492,,warm,,12.872,20,,,0.0
2063,4926,2063,397.046,5.981194,long,long-vi,8,business,0.0,,,vi,R3_localhost_http_deterministic,,476.755,704.528,744.751,472.629,,warm,,15.305,32,,,0.0
2063,4926,2063,833.318,8.573966,long,long-vi,16,business,0.0,,,vi,R3_localhost_http_deterministic,,943.342,1509.047,1658.664,476.742,,warm,,14.996,64,,,0.0
8212,28273,8212,118.423,1.501111,very_long,very_long-en,1,technical,0.0,355.361,,en,R3_localhost_http_deterministic,,354.744,354.744,354.744,476.746,,cold,661.384,2.814,1,,,0.0
8212,28273,8212,120.309,1.509091,very_long,very_long-en,1,technical,0.0,,,en,R3_localhost_http_deterministic,,356.63,374.983,388.005,478.113,,warm,,2.817,20,,,0.0
8212,28273,8212,-5.424,0.988427,very_long,very_long-en,2,technical,0.0,,,en,R3_localhost_http_deterministic,,463.243,497.197,629.569,466.57,,warm,,4.124,20,,,0.0
8212,28273,8212,89.014,1.104035,very_long,very_long-en,4,technical,0.0,,,en,R3_localhost_http_deterministic,,944.633,980.977,1193.602,467.605,,warm,,4.016,20,,,0.0
8212,28273,8212,567.368,1.426382,very_long,very_long-en,8,technical,0.0,,,en,R3_localhost_http_deterministic,,1898.026,2065.71,2279.881,472.547,,warm,,3.944,32,,,0.0
8212,28273,8212,1280.288,1.499711,very_long,very_long-en,16,technical,0.0,,,en,R3_localhost_http_deterministic,,3842.347,4088.412,4801.369,480.203,,warm,,3.941,64,,,0.0
8192,19398,8192,109.181,1.697491,very_long,very_long-vi,1,business,0.0,266.471,,vi,R3_localhost_http_deterministic,,265.715,265.715,265.715,480.254,,cold,661.384,3.753,1,,,0.0
8192,19398,8192,130.108,1.83118,very_long,very_long-vi,1,business,0.0,,,vi,R3_localhost_http_deterministic,,286.642,311.189,318.969,471.25,,warm,,3.421,20,,,0.0
8192,19398,8192,9.482,1.031245,very_long,very_long-vi,2,business,0.0,,,vi,R3_localhost_http_deterministic,,312.95,325.381,466.145,472.172,,warm,,6.104,20,,,0.0
8192,19398,8192,91.122,1.173166,very_long,very_long-vi,4,business,0.0,,,vi,R3_localhost_http_deterministic,,617.334,720.664,871.901,473.445,,warm,,5.915,20,,,0.0
8192,19398,8192,438.41,1.540188,very_long,very_long-vi,8,business,0.0,,,vi,R3_localhost_http_deterministic,,1249.998,1520.888,1660.409,476.559,,warm,,5.931,32,,,0.0
8192,19398,8192,1347.888,2.183642,very_long,very_long-vi,16,business,0.0,,,vi,R3_localhost_http_deterministic,,2486.651,2935.177,3416.574,479.984,,warm,,5.904,64,,,0.0
138,500,138,,,short,short-en-uncertain,1,technical,0.0,365.554,,en,R5_direct_hybrid_semantic,1154.315,365.554,365.554,365.554,1643.758,,cold,32.57,2.736,1,MoritzLaurer/mDeBERTa-v3-base-mnli-xnli,add259b,0.0
138,500,138,,,short,short-en-uncertain,1,technical,0.0,,,en,R5_direct_hybrid_semantic,,297.007,325.14,325.14,1688.539,,warm,,3.212,2,MoritzLaurer/mDeBERTa-v3-base-mnli-xnli,add259b,0.0
138,500,138,,,short,short-en-uncertain,2,technical,0.0,,,en,R5_direct_hybrid_semantic,,494.389,517.81,517.81,1729.168,,warm,,3.858,2,MoritzLaurer/mDeBERTa-v3-base-mnli-xnli,add259b,0.0
138,500,138,,,short,short-en-uncertain,4,technical,0.0,,,en,R5_direct_hybrid_semantic,,1015.477,1059.128,1059.128,1827.309,,warm,,3.766,4,MoritzLaurer/mDeBERTa-v3-base-mnli-xnli,add259b,0.0
140,333,140,,,short,short-vi-uncertain,1,business,0.0,391.826,,vi,R5_direct_hybrid_semantic,1154.315,391.826,391.826,391.826,1685.375,,cold,42.739,2.552,1,MoritzLaurer/mDeBERTa-v3-base-mnli-xnli,add259b,0.0
140,333,140,,,short,short-vi-uncertain,1,business,0.0,,,vi,R5_direct_hybrid_semantic,,352.188,405.845,405.845,1728.988,,warm,,2.636,2,MoritzLaurer/mDeBERTa-v3-base-mnli-xnli,add259b,0.0
140,333,140,,,short,short-vi-uncertain,2,business,0.0,,,vi,R5_direct_hybrid_semantic,,563.063,597.786,597.786,1788.375,,warm,,3.342,2,MoritzLaurer/mDeBERTa-v3-base-mnli-xnli,add259b,0.0
140,333,140,,,short,short-vi-uncertain,4,business,0.0,,,vi,R5_direct_hybrid_semantic,,1130.966,1162.054,1162.054,1854.586,,warm,,3.404,4,MoritzLaurer/mDeBERTa-v3-base-mnli-xnli,add259b,0.0
133,479,133,129.265,48.911416,short,short-en,1,technical,0.0,132.416,,en,R4_docker_http_deterministic,,131.963,131.963,131.963,1676.062,,cold,789.341,7.552,1,,,0.0
133,479,133,124.912,47.297999,short,short-en,1,technical,0.0,,,en,R4_docker_http_deterministic,,127.61,151.062,155.911,1677.461,,warm,,7.511,20,,,0.0
133,479,133,168.247,56.453856,short,short-en,2,technical,0.0,,,en,R4_docker_http_deterministic,,171.281,196.989,200.963,1677.902,,warm,,11.358,20,,,0.0
133,479,133,253.255,72.41991,short,short-en,4,technical,0.0,,,en,R4_docker_http_deterministic,,256.801,276.786,278.942,1679.953,,warm,,15.205,20,,,0.0
133,479,133,452.083,175.482053,short,short-en,8,technical,0.0,,,en,R4_docker_http_deterministic,,454.674,475.898,488.672,1682.184,,warm,,17.252,32,,,0.0
133,479,133,948.611,336.910411,short,short-en,16,technical,0.0,,,en,R4_docker_http_deterministic,,951.435,987.19,1010.83,1687.387,,warm,,16.545,64,,,0.0
135,312,135,150.556,78.606186,short,short-vi,1,business,0.0,152.894,,vi,R4_docker_http_deterministic,,152.496,152.496,152.496,1687.387,,cold,789.341,6.54,1,,,0.0
135,312,135,144.945,75.713918,short,short-vi,1,business,0.0,,,vi,R4_docker_http_deterministic,,146.885,189.953,201.418,1690.43,,warm,,6.632,20,,,0.0
135,312,135,178.634,91.677157,short,short-vi,2,business,0.0,,,vi,R4_docker_http_deterministic,,180.604,205.243,208.536,1690.363,,warm,,10.746,20,,,0.0
135,312,135,273.743,134.728872,short,short-vi,4,business,0.0,,,vi,R4_docker_http_deterministic,,275.79,299.742,302.883,1690.363,,warm,,14.258,20,,,0.0
135,312,135,484.245,237.678886,short,short-vi,8,business,0.0,,,vi,R4_docker_http_deterministic,,486.291,541.07,550.969,1690.395,,warm,,16.075,32,,,0.0
135,312,135,961.795,531.499173,short,short-vi,16,business,0.0,,,vi,R4_docker_http_deterministic,,963.608,1042.962,1079.967,1690.445,,warm,,16.203,64,,,0.0
557,1951,557,142.667,14.03133,medium,medium-en,1,technical,0.0,154.02,,en,R4_docker_http_deterministic,,153.615,153.615,153.615,1690.508,,cold,789.341,6.493,1,,,0.0
557,1951,557,142.174,13.986299,medium,medium-en,1,technical,0.0,,,en,R4_docker_http_deterministic,,153.122,168.765,179.6,1690.41,,warm,,6.555,20,,,0.0
557,1951,557,176.303,13.767253,medium,medium-en,2,technical,0.0,,,en,R4_docker_http_deterministic,,190.112,232.578,243.013,1690.395,,warm,,10.107,20,,,0.0
557,1951,557,277.362,22.552724,medium,medium-en,4,technical,0.0,,,en,R4_docker_http_deterministic,,290.231,339.018,352.69,1690.52,,warm,,13.408,20,,,0.0
557,1951,557,459.102,41.474478,medium,medium-en,8,technical,0.0,,,en,R4_docker_http_deterministic,,470.445,556.079,556.862,1690.406,,warm,,16.151,32,,,0.0
557,1951,557,951.58,44.604454,medium,medium-en,16,technical,0.0,,,en,R4_docker_http_deterministic,,973.403,1150.702,1195.182,1690.609,,warm,,15.88,64,,,0.0
553,1312,553,132.198,17.210668,medium,medium-vi,1,business,0.0,140.794,,vi,R4_docker_http_deterministic,,140.353,140.353,140.353,1690.484,,cold,789.341,7.103,1,,,0.0
553,1312,553,145.782,18.876395,medium,medium-vi,1,business,0.0,,,vi,R4_docker_http_deterministic,,153.937,161.186,163.265,1690.469,,warm,,6.643,20,,,0.0
553,1312,553,185.08,21.07593,medium,medium-vi,2,business,0.0,,,vi,R4_docker_http_deterministic,,194.299,203.136,213.728,1690.516,,warm,,10.316,20,,,0.0
553,1312,553,271.674,33.105176,medium,medium-vi,4,business,0.0,,,vi,R4_docker_http_deterministic,,280.136,299.824,302.089,1690.453,,warm,,14.07,20,,,0.0
553,1312,553,445.785,49.088997,medium,medium-vi,8,business,0.0,,,vi,R4_docker_http_deterministic,,455.055,505.908,508.334,1690.414,,warm,,17.016,32,,,0.0
553,1312,553,979.01,114.023551,medium,medium-vi,16,business,0.0,,,vi,R4_docker_http_deterministic,,987.672,1088.984,1124.848,1690.496,,warm,,15.874,64,,,0.0
2059,7131,2059,151.805,4.498375,long,long-en,1,technical,0.0,195.668,,en,R4_docker_http_deterministic,,195.198,195.198,195.198,1690.496,,cold,789.341,5.111,1,,,0.0
2059,7131,2059,132.937,4.063559,long,long-en,1,technical,0.0,,,en,R4_docker_http_deterministic,,176.33,194.634,213.687,1691.984,,warm,,5.587,20,,,0.0
2059,7131,2059,131.312,2.660244,long,long-en,2,technical,0.0,,,en,R4_docker_http_deterministic,,210.404,242.162,261.642,1691.984,,warm,,8.897,20,,,0.0
2059,7131,2059,204.569,2.973728,long,long-en,4,technical,0.0,,,en,R4_docker_http_deterministic,,308.215,392.377,438.329,1691.984,,warm,,11.955,20,,,0.0
2059,7131,2059,331.305,3.12042,long,long-en,8,technical,0.0,,,en,R4_docker_http_deterministic,,487.55,790.963,827.174,1691.973,,warm,,14.241,32,,,0.0
2059,7131,2059,711.248,3.839336,long,long-en,16,technical,0.0,,,en,R4_docker_http_deterministic,,961.746,1657.541,1836.112,1692.809,,warm,,14.133,64,,,0.0
2063,4926,2063,142.615,5.377244,long,long-vi,1,business,0.0,175.597,,vi,R4_docker_http_deterministic,,175.196,175.196,175.196,1692.871,,cold,789.341,5.695,1,,,0.0
2063,4926,2063,133.777,5.105982,long,long-vi,1,business,0.0,,,vi,R4_docker_http_deterministic,,166.358,182.716,189.443,1694.012,,warm,,6.008,20,,,0.0
2063,4926,2063,141.664,3.252962,long,long-vi,2,business,0.0,,,vi,R4_docker_http_deterministic,,204.543,224.259,234.704,1694.117,,warm,,9.59,20,,,0.0
2063,4926,2063,239.485,4.645185,long,long-vi,4,business,0.0,,,vi,R4_docker_http_deterministic,,305.184,359.018,394.023,1693.996,,warm,,12.635,20,,,0.0
2063,4926,2063,410.192,6.146119,long,long-vi,8,business,0.0,,,vi,R4_docker_http_deterministic,,489.901,684.097,717.414,1694.125,,warm,,14.922,32,,,0.0
2063,4926,2063,893.574,9.121628,long,long-vi,16,business,0.0,,,vi,R4_docker_http_deterministic,,1003.598,1433.581,1578.873,1694.188,,warm,,14.772,64,,,0.0
8212,28273,8212,106.779,1.451839,very_long,very_long-en,1,technical,0.0,343.609,,en,R4_docker_http_deterministic,,343.1,343.1,343.1,1694.055,,cold,789.341,2.91,1,,,0.0
8212,28273,8212,109.477,1.463255,very_long,very_long-en,1,technical,0.0,,,en,R4_docker_http_deterministic,,345.798,364.529,386.423,1694.332,,warm,,2.886,20,,,0.0
8212,28273,8212,-8.104,0.982708,very_long,very_long-en,2,technical,0.0,,,en,R4_docker_http_deterministic,,460.563,515.501,612.062,1694.348,,warm,,4.209,20,,,0.0
8212,28273,8212,24.424,1.028545,very_long,very_long-en,4,technical,0.0,,,en,R4_docker_http_deterministic,,880.043,949.888,1150.155,1694.461,,warm,,4.238,20,,,0.0
8212,28273,8212,446.567,1.335599,very_long,very_long-en,8,technical,0.0,,,en,R4_docker_http_deterministic,,1777.225,1963.754,2190.511,1694.395,,warm,,4.245,32,,,0.0
8212,28273,8212,921.447,1.359651,very_long,very_long-en,16,technical,0.0,,,en,R4_docker_http_deterministic,,3483.506,3854.673,4499.684,1695.695,,warm,,4.307,64,,,0.0
8192,19398,8192,113.816,1.727101,very_long,very_long-vi,1,business,0.0,270.814,,vi,R4_docker_http_deterministic,,270.35,270.35,270.35,1695.695,,cold,789.341,3.693,1,,,0.0
8192,19398,8192,126.31,1.806917,very_long,very_long-vi,1,business,0.0,,,vi,R4_docker_http_deterministic,,282.844,300.282,307.572,1697.25,,warm,,3.549,20,,,0.0
8192,19398,8192,-1.763,0.99419,very_long,very_long-vi,2,business,0.0,,,vi,R4_docker_http_deterministic,,301.705,329.959,474.187,1697.266,,warm,,6.233,20,,,0.0
8192,19398,8192,78.3,1.148799,very_long,very_long-vi,4,business,0.0,,,vi,R4_docker_http_deterministic,,604.512,833.519,833.898,1697.25,,warm,,6.011,20,,,0.0
8192,19398,8192,371.892,1.458228,very_long,very_long-vi,8,business,0.0,,,vi,R4_docker_http_deterministic,,1183.48,1479.821,1614.82,1697.504,,warm,,6.227,32,,,0.0
8192,19398,8192,1272.067,2.11706,very_long,very_long-vi,16,business,0.0,,,vi,R4_docker_http_deterministic,,2410.83,2860.214,3303.951,1698.398,,warm,,6.063,64,,,0.0
